Аэробика,Файер-шоу,Кроссворды
Зентангл,Кулинария
Музыка (написание)
Видеомонтаж,Программирование,Спорт-фанат
Психология и тренинги,Аэробика,Психология и тренинги
Блоггерство,Серфинг,Теннис
Переписка по обычной почте
Теннис,Батик
Игры на компьютерах и приставках,Исторические реконструкции,Скейтборд
Бодиарт,Гольф,Писательская деятельность
Боулинг,Музеи и выставки,Футбол
Вязание,Клубный отдых
Handmade вещи,Футбол
Жонглирование,Иностранные языки,Петанк
Косплей,Театр,Бильярд
Бонсай,Игрушки и куклы,Путешествия
Икебана,Картинг и квадроциклы,Пение и караоке
Астрономия,Подкасты
Кулинария
Гербарий,Музыка (написание, ремиксы),Астрономия
Автомобили,Настольные игры,Сноуборд
Робототехника,Бег,Стрельба
Ароматерапия,Скейтборд
Батик
Фотография и фотокниги,Мыловарение,Жонглирование
Подкасты,Вязание,Оригами
Аэрография,Лыжи
Писательская деятельность,Бадминтон,Батик
Выжигание и резьба по дереву,Лепка,Файер-шоу
Паззлы,Путешествия,Бег
Программирование,Концерты (посещение),Серфинг
Животные (разведение и уход),Парашютный спорт
Компьютерная графика
Сноуборд
Паркур
Бильярд,Каллиграфия,Косплей
Предпринимательство,Охота,Игрушки и куклы
Танцы и балет
Петанк,Стрельба,Фейерверки
Горные лыжи,Квест-комнаты,Пчеловодство
Головоломки,Шитье и вышивание,Аэробика
Охота,Рисование по номерам,Дартс
Татуировки и пирсинг,Паркур
Декупаж,Рукоделия из кожи,Велосипед
Собирание грибов и ягод,Лошади (верховая езда, уход),Гербарий
Серфинг,Рыбалка,Аэрография
Мыловарение,Открытки,Танцы и балет
Лошади (верховая езда, уход),Йога,Бадминтон
Парашютный спорт,Разработка сайтов
Концерты (посещение),Изготовление украшений,Автомобили
Карвинг,Петанк
Театр
Моделирование самолётов,Дизайн одежды,Паззлы
Рисование по номерам,Кайтинг,Йога
Граффити,Жонглирование,Татуировки и пирсинг
Лепка,Паззлы,Гольф
Настольные игры,Компьютерная графика,Коньки и ролики
Открытки,Бонсай,Робототехника
Гольф,Пилатес,Программирование
Дайвинг,Страйкбол,Пейнтбол
Боевые искусства
Стрельба,Теннис
Батут,Животные (разведение и уход),Подкасты
Скейтборд,Боулинг,Дизайн интерьера
Выращивание растений и цветов,Психология и тренинги,Карвинг
Силовые тренировки,Скрапбукинг,Боулинг
Разработка сайтов,Плетение
Шитье и вышивание,Handmade вещи,Дайвинг
Рыбалка,Зентангл,Массаж
Картинг и квадроциклы,Фейерверки,Икебана
Йога,Плавание,Иностранные языки
Кузнечное дело,Переписка по обычной почте,Плавание
Путешествия,Гербарий
Рукоделия из кож
Плавание,Собирание грибов и ягод,
Спорт-фанат,Блоггерство,Декупаж
Диггерство,Сноуборд
Массаж,Велосипед
Бадминтон,Аэрография,Головоломки
Кладоискательство и археология,Оригами,Боевые искусства
Дартс,Предпринимательство,Мыловарение
Игра на музыкальных инструментах,Видеомонтаж,Пикап
Изучениекомпьютерных программ,Астрономия,Рисование по номерам
Коньки и ролики,Пение и караоке,Лазертаг
Пилатес,Дайвинг,Страйкбол
Выращивание кристаллов,Бильярд,Вязание
Пчеловодство,Фокусы,Каллиграфия
Лазертаг,Дизайн интерьера,Лепка
Каллиграфия,Кроссворды,Коллекционирование
Файер-шоу,Граффити,Охота
Игрушки и куклы
Кроссворды
Пейнтбол,Изучениекомпьютерных программ,
Оригами,Пейнтбол,Настольные игры
Коллекционирование
Дизайн одежды,Горные лыжи
Кайтинг,Силовые тренировки
Пикап,Диггерство,Квест-комнаты
Страйкбол,Робототехника,Парашютный спорт
Скрапбукинг,Карвинг